Owner,Track ID,Tracks,Artists,Albums,danceability,energy,key,loudness,mode,speechiness,acousticness,instrumentalness,liveness,valence,tempo
Dave,340FrzH0Ji2keVAlX2FJZ5,At Your Funeral,Saves The Day,Stay What You Are,0.257,0.9359999999999999,2,-6.131,1,0.35700000000000004,0.00243,0.0,0.14,0.376,197.929
Dave,7CKLZEwboCy2juXMLsAHFt,Whoa Oh! (Me vs Everyone),Forever The Sickest Kids,Underdog Alma Mater,0.529,0.9229999999999999,2,-4.166,1,0.0764,0.0039299999999999995,0.0,0.33299999999999996,0.64,143.034
Dave,4HAWq1kBDMLSNq5UHWD7rH,Somewhere On Fullerton,Allister,Last Stop Suburbia,0.54,0.912,3,-4.662,1,0.0855,0.00315,0.0,0.124,0.828,96.958
Dave,1rUHLQEmtefobuukC1SVDf,Bouncing Off The Walls,Sugarcult,Start Static,0.47700000000000004,0.917,6,-4.692,1,0.0547,0.00295,0.0,0.268,0.71,150.974
Dave,6fx1fKIs5e0pBL5FpdC7RB,MakeDamnSure,Taking Back Sunday,Louder Now (Deluxe Edition),0.5529999999999999,0.8370000000000001,6,-5.608,1,0.0452,0.00941,0.0,0.37200000000000005,0.43200000000000005,140.495
Dave,0iWZd4aBNd3vNUF6crMiOp,Hold My Hand,New Found Glory,Coming Home,0.478,0.963,11,-3.299,1,0.0643,0.00298,0.0,0.165,0.899,164.641
Dave,6vFD3c1WI1zuKoyk22dMw3,Little Things,Good Charlotte,Good Charlotte,0.6859999999999999,0.84,1,-5.142,1,0.159,0.0601,5.38e-06,0.16399999999999998,0.7040000000000001,105.0
Dave,3B9W8NK6FiaNZCZFIzLdwo,In This Diary,The Ataris,"So Long, Astoria",0.5660000000000001,0.8320000000000001,8,-4.644,1,0.0603,0.00505,0.0,0.127,0.86,175.028
Dave,63k8KXOgawK2cNtvm2ZW8y,Can't Be Saved,Senses Fail,Still Searching,0.331,0.976,2,-3.242,1,0.113,9.11e-06,0.000117,0.319,0.426,170.05900000000003
Dave,6uzuW7L1t1UhnzbfXwtMtQ,The Curse of Curves,Cute Is What We Aim For,The Same Old Blood Rush With A New Touch,0.534,0.792,5,-4.512,1,0.0677,0.39,0.0,0.191,0.47700000000000004,145.881
Dave,3IlY76VbP31zwPY0S2EMjh,The Quiet Things That No One Ever Knows,Brand New,Deja Entendu,0.20199999999999999,0.797,6,-5.809,1,0.0729,0.0163,3.83e-06,0.0986,0.24600000000000002,80.28399999999999
Dave,0SUClY63fA1awioMFtMYeE,Pain,Jimmy Eat World,Futures,0.39,0.965,0,-3.38,0,0.11900000000000001,0.0181,0.0,0.583,0.195,168.00599999999997
Dave,3iwsyTZzOWHZbHffBEyi1N,Right Now,SR-71,Now You See Inside,0.524,0.9670000000000001,8,-3.322,1,0.0392,0.00028900000000000003,7.41e-06,0.324,0.731,116.273
Dave,0wGWmko6pOeimMMATKGz2I,Honestly,Cartel,Chroma,0.449,0.903,1,-4.949,1,0.0388,2.48e-05,0.0,0.133,0.583,144.52200000000002
Dave,5wK87f6MxR78H9XnnwkRQ5,Save Me,Unwritten Law,Here's To The Mourning,0.527,0.8809999999999999,1,-5.081,1,0.04,0.00233,0.0,0.11599999999999999,0.467,152.334
Dave,4pImG3RdbaGfanzQOTFgyr,My Friends Over You,New Found Glory,Sticks And Stones,0.40399999999999997,0.98,2,-4.038,1,0.107,0.000193,0.0,0.0742,0.433,177.793
Dave,2uuTo18bRgXj3RvlbZKMvU,The Adventure,Angels & Airwaves,We Don't Need To Whisper,0.5429999999999999,0.878,11,-5.994,1,0.0472,0.0485,0.00101,0.125,0.18899999999999997,144.157
Dave,0DKNNR9iDjwfCEpMiFXMJq,Until the Day I Die,Story Of The Year,Page Avenue (US Non-PA Version),0.597,0.9309999999999999,11,-4.591,0,0.0984,0.127,0.0,0.0504,0.534,92.00299999999999
Dave,7N2lr3CCJGLxBUkF4PSkch,"So Long, Astoria",The Ataris,"So Long, Astoria",0.379,0.978,2,-3.1439999999999997,1,0.09300000000000001,0.004370000000000001,0.0,0.423,0.48200000000000004,182.007
Dave,2INPZO3P759ZWNgRSmPBUS,Cadillac,Mest,Destination Unknown (PA Version),0.62,0.872,0,-5.351,1,0.0456,0.0013800000000000002,2.7600000000000003e-05,0.272,0.695,92.525
Dave,5jZ1Z2GFTf2gwmFc3qiUxs,The Taste of Ink,The Used,The Used (U.S. Version),0.541,0.904,7,-3.0010000000000003,1,0.0435,0.00143,0.0,0.193,0.541,98.12200000000001
Dave,4COleG16xBCkpofKHsJU2p,Ohio (Come Back To Texas),Bowling For Soup,A Hangover You Don't Deserve,0.41600000000000004,0.748,11,-4.83,1,0.0487,7.43e-05,0.0,0.0995,0.792,150.094
Dave,4gMgjHnAqhO6nUnV2n57Fg,King Of Wishful Thinking,New Found Glory,From The Screen To Your Stereo Part II,0.561,0.94,0,-2.843,1,0.0592,0.0022199999999999998,0.0,0.125,0.654,116.99
Dave,1uVll3x5QBjHNEwU6ENwTy,Hero / Heroine - Tom Lord-Alge Mix,Boys Like Girls,Boys Like Girls,0.42200000000000004,0.904,0,-4.531000000000001,1,0.102,0.02,4.49e-06,0.6859999999999999,0.32,163.929
Dave,0ChpoNjXfJPjMvCIN6so6J,Memory,Sugarcult,Palm Trees and Power Lines,0.449,0.8640000000000001,1,-3.892,1,0.0352,2.0399999999999998e-05,0.0,0.10800000000000001,0.713,167.15400000000002
Dave,6xyiHZgrmXw7sMyYXbXjPV,Everything Is Alright,Motion City Soundtrack,Commit This To Memory,0.435,0.95,8,-3.8689999999999998,1,0.106,0.0004940000000000001,0.0,0.317,0.457,160.987
Dave,2gU62OjtnFS3M2XVNEYC2Y,Where Have You Been?,Reel Big Fish,Cheer Up!,0.303,0.907,0,-4.447,1,0.0694,0.00645,2.3e-06,0.10800000000000001,0.376,196.685
Dave,07oVZP9Er2Fz8S59ePWLyK,Punk Rock Princess,Something Corporate,Leaving Through The Window,0.522,0.8809999999999999,7,-5.231,1,0.0847,0.00303,0.000147,0.0939,0.369,130.084
Dave,0vOkRZZeSdTgrJNqQhSeHR,Become What You Hate,Midtown,Living Well Is The Best Revenge,0.33899999999999997,0.9790000000000001,3,-1.899,1,0.0607,0.007370000000000001,1.27e-06,0.0643,0.581,192.68
Dave,504aMSptpjhMNdtYvbXzjv,Stupid Kid,Alkaline Trio,From Here to Infirmary,0.41600000000000004,0.973,11,-3.911,1,0.105,0.000131,0.0,0.316,0.693,119.352
Dave,75JUFOP8s5yiOYcHmJjccP,Dressed To Kill,New Found Glory,New Found Glory,0.441,0.961,9,-4.7780000000000005,1,0.0598,5.2300000000000004e-05,0.00021099999999999998,0.0931,0.61,163.14700000000002
Dave,6PsISpFaCEKwysPfwO9SfC,Cute Without The 'E' (Cut From The Team),Taking Back Sunday,Tell All Your Friends,0.402,0.8590000000000001,1,-4.41,0,0.0466,0.0394,0.0,0.0745,0.514,95.31
Dave,2zPrdI7V4Pik4He87Nhdbl,Look What Happened,Less Than Jake,Anthem,0.322,0.922,4,-3.4760000000000004,1,0.192,0.0235,0.0,0.191,0.524,186.7
Dave,003FTlCpBTM4eSqYSWPv4H,"Swing, Swing",The All-American Rejects,The All-American Rejects,0.5529999999999999,0.7170000000000001,7,-5.857,1,0.0318,6.48e-05,0.128,0.0385,0.318,127.947
Dave,1KNvOn6Eylit6zH0befCyn,San Dimas High School Football Rules,The Ataris,"Blue Skies, Broken Hearts...Next 12 Exits",0.371,0.98,0,-4.092,1,0.0842,7.53e-05,3.570000000000001e-05,0.672,0.534,131.011
Dave,61XspFITuKmAlYdQacNCbF,Bleed American,Jimmy Eat World,Bleed American,0.43799999999999994,0.938,6,-5.611000000000001,0,0.094,0.00842,1.08e-06,0.8059999999999999,0.584,160.21200000000002
Dave,0IfsEsGEawT5srezsszZeW,The Geeks Get The Girls,American Hi-Fi,Hearts On Parade (U.S. Release),0.5660000000000001,0.9179999999999999,9,-4.45,1,0.0526,0.0017800000000000001,0.0,0.0922,0.585,137.22
Dave,1Up4RdOBpChNDytatxKDXP,The Best Of Me,The Starting Line,Say It Like You Mean It,0.5329999999999999,0.802,4,-4.212,1,0.0384,0.001,0.0,0.314,0.293,106.969
Dave,7G3NwzBfymA9vvtWEKpSFq,Stuck In America,Sugarcult,Start Static,0.35200000000000004,0.955,10,-3.571,1,0.0667,0.00109,7.54e-05,0.424,0.423,180.33599999999998
Dave,5dpDrUG52yI3s1AQRlaypA,All Downhill From Here,New Found Glory,Catalyst,0.428,0.934,9,-4.061,1,0.0927,8.31e-05,0.00043099999999999996,0.10800000000000001,0.7240000000000001,167.989
Dave,5I1ZxztCi4MdwQYFQgYJel,We've Had Enough,Alkaline Trio,Good Mourning,0.341,0.946,9,-2.8789999999999996,1,0.0729,0.005379999999999999,0.0,0.293,0.696,176.771
Dave,463wBlCYhDPuOVvAU8bS1h,Big Casino,Jimmy Eat World,Chase This Light,0.491,0.978,2,-3.654,1,0.0493,9.76e-05,0.0,0.373,0.524,136.007
Dave,1kCPDGC5udhyCpSWbH0ADA,All My Fault,Fenix TX,Fenix TX,0.508,0.915,2,-3.3169999999999997,1,0.0413,0.00775,0.0,0.109,0.772,103.306
Dave,3oQggzwBp8hqUwgoUcb3wJ,There Is,Box Car Racer,Box Car Racer,0.623,0.853,4,-5.356,1,0.0472,0.141,0.0,0.14300000000000002,0.7829999999999999,106.09899999999999
Dave,6TclVCUxDQm9s3Bey6Ao8H,Almost,Bowling For Soup,A Hangover You Don't Deserve,0.546,0.882,11,-4.019,1,0.0394,0.000784,0.0,0.18600000000000003,0.64,139.966
Dave,63IIUzd6eJBfCGIcF8MFnJ,Way Away,Yellowcard,Ocean Avenue,0.35700000000000004,0.9590000000000001,2,-4.081,0,0.113,6.93e-06,3.91e-05,0.0825,0.364,179.644
Dave,4uVjbl6daCwjhDur7qLddu,I'd Do Anything,Simple Plan,"No Pads, No Helmets...Just Balls (15th Anniversary Tour Edition)",0.395,0.917,8,-6.86,1,0.133,0.00143,0.0,0.261,0.563,169.088
Dave,24CRDgNOgA72JLL7PHFjgB,Anthem Part Two,blink-182,Take Off Your Pants And Jacket,0.552,0.932,0,-3.782,1,0.0426,0.000102,0.0,0.11900000000000001,0.518,103.10799999999999
Dave,1VpTwecl7EbQiGyVsvwFQE,When Your Heart Stops Beating,+44,When Your Heart Stops Beating,0.41600000000000004,0.9670000000000001,9,-2.289,0,0.109,0.000367,0.0,0.0632,0.431,171.032
Dave,0SUClY63fA1awioMFtMYeE,Pain,Jimmy Eat World,Futures,0.39,0.965,0,-3.38,0,0.11900000000000001,0.0181,0.0,0.583,0.195,168.00599999999997
Kev,6Ozh9Ok6h4Oi1wUSLtBseN,BOP,DaBaby,KIRK,0.769,0.787,11,-3.909,1,0.36700000000000005,0.18899999999999997,0.0,0.129,0.836,126.77
Kev,6Ozh9Ok6h4Oi1wUSLtBseN,BOP,DaBaby,KIRK,0.769,0.787,11,-3.909,1,0.36700000000000005,0.18899999999999997,0.0,0.129,0.836,126.77
Kev,3jGYpYY6jm48GArqKDnuwG,Fuck It Off (feat. Chris Brown),Tee Grizzley,Activated,0.8009999999999999,0.578,1,-7.148,1,0.201,0.0728,0.0,0.185,0.126,100.03200000000001
Kev,1Jl21sidRpEdlVBvYbssLx,Sin (feat. Jaden Smith),Young Thug,On The Rvn,0.889,0.385,11,-11.767000000000001,0,0.165,0.0054399999999999995,0.0,0.27399999999999997,0.235,125.995
Kev,6Ozh9Ok6h4Oi1wUSLtBseN,BOP,DaBaby,KIRK,0.769,0.787,11,-3.909,1,0.36700000000000005,0.18899999999999997,0.0,0.129,0.836,126.77
Kev,1Jl21sidRpEdlVBvYbssLx,Sin (feat. Jaden Smith),Young Thug,On The Rvn,0.889,0.385,11,-11.767000000000001,0,0.165,0.0054399999999999995,0.0,0.27399999999999997,0.235,125.995
Kev,1IAzD1muglOxOcPbUHs70R,Whatever You Like,T.I.,Paper Trail,0.68,0.687,9,-6.162000000000001,0,0.0709,0.0161,0.0,0.261,0.467,150.053
Kev,6Ozh9Ok6h4Oi1wUSLtBseN,BOP,DaBaby,KIRK,0.769,0.787,11,-3.909,1,0.36700000000000005,0.18899999999999997,0.0,0.129,0.836,126.77
Kev,6Ozh9Ok6h4Oi1wUSLtBseN,BOP,DaBaby,KIRK,0.769,0.787,11,-3.909,1,0.36700000000000005,0.18899999999999997,0.0,0.129,0.836,126.77
Kev,0fySG6A6qLE8IvDpayb5bM,VIBEZ,DaBaby,KIRK,0.768,0.652,1,-2.708,0,0.307,0.113,0.0,0.107,0.777,154.187
Kev,6Ozh9Ok6h4Oi1wUSLtBseN,BOP,DaBaby,KIRK,0.769,0.787,11,-3.909,1,0.36700000000000005,0.18899999999999997,0.0,0.129,0.836,126.77
Kev,6JpN5w95em8SODPiM7W2PH,The Story of O.J.,JAY-Z,4:44,0.741,0.718,7,-5.8229999999999995,1,0.415,0.28300000000000003,2.21e-06,0.23,0.5760000000000001,165.84799999999998
Kev,35srNkJVToAzYiZzron1FY,Young Forever,JAY-Z,The Blueprint 3,0.637,0.69,9,-3.214,0,0.0693,0.41700000000000004,0.0,0.21100000000000002,0.10300000000000001,140.329
Kev,6LxEtvMKSwmPdd5Fh1PCof,Young Dumb & Broke REMIX,Khalid,Young Dumb & Broke REMIX,0.795,0.56,1,-5.773,1,0.0479,0.184,0.0,0.158,0.45899999999999996,136.988
Kev,5uu28fUesZMl89lf9CLrgN,Feels Great (feat. Fetty Wap & CVBZ),Cheat Codes,Feels Great (feat. Fetty Wap & CVBZ),0.522,0.833,0,-3.715,1,0.0575,0.0454,0.0,0.127,0.29600000000000004,180.00900000000001
Kev,6LxEtvMKSwmPdd5Fh1PCof,Young Dumb & Broke REMIX,Khalid,Young Dumb & Broke REMIX,0.795,0.56,1,-5.773,1,0.0479,0.184,0.0,0.158,0.45899999999999996,136.988
Kev,7Haw35LoOZOiKUyvJASS6K,I Got Now,BrvndonP,I Got Now,0.764,0.6579999999999999,11,-4.047,0,0.0757,0.536,3.8e-06,0.0663,0.682,136.952
Kev,3UmaczJpikHgJFyBTAJVoz,Stan,Eminem,The Marshall Mathers LP,0.78,0.768,6,-4.325,0,0.23800000000000002,0.0371,2.34e-06,0.518,0.507,80.063
Kev,2ZLSnT49tvHVEhrhsrw483,Frostbite (Remix) (feat. Offset & Rich The Kid),Preme,Frostbite (Remix) (feat. Offset & Rich The Kid),0.958,0.705,1,-4.916,1,0.16699999999999998,0.204,2.02e-05,0.115,0.516,124.99700000000001
Kev,1Jl21sidRpEdlVBvYbssLx,Sin (feat. Jaden Smith),Young Thug,On The Rvn,0.889,0.385,11,-11.767000000000001,0,0.165,0.0054399999999999995,0.0,0.27399999999999997,0.235,125.995
Kev,14mHfNsSHN0FbLftyjrV9g,Leave Me Alone,Flipp Dinero,Leave Me Alone,0.792,0.743,7,-2.806,1,0.0851,0.107,0.0,0.183,0.742,150.024
Kev,2GyYEekbHauEVHmtyi8AXL,The Story Of Adidon (Remix),Ombre2Choc Nation,The Story Of Adidon (Remix),0.478,0.735,0,-4.7860000000000005,1,0.48200000000000004,0.598,0.0,0.107,0.625,76.237
Kev,2GyYEekbHauEVHmtyi8AXL,The Story Of Adidon (Remix),Ombre2Choc Nation,The Story Of Adidon (Remix),0.478,0.735,0,-4.7860000000000005,1,0.48200000000000004,0.598,0.0,0.107,0.625,76.237
Kev,35srNkJVToAzYiZzron1FY,Young Forever,JAY-Z,The Blueprint 3,0.637,0.69,9,-3.214,0,0.0693,0.41700000000000004,0.0,0.21100000000000002,0.10300000000000001,140.329
Kev,5FEXPoPnzueFJQCPRIrC3c,Day 'N' Nite (nightmare),Kid Cudi,Man On The Moon: The End Of Day,0.871,0.44,11,-6.25,0,0.0761,0.499,4.15e-06,0.114,0.799,137.996
Kev,5ljCWsDlSyJ41kwqym2ORw,03' Bonnie & Clyde,JAY-Z,The Blueprint 2 The Gift & The Curse,0.759,0.675,9,-5.148,0,0.313,0.228,0.0,0.15,0.32799999999999996,89.64200000000001
Kev,5ljCWsDlSyJ41kwqym2ORw,03' Bonnie & Clyde,JAY-Z,The Blueprint 2 The Gift & The Curse,0.759,0.675,9,-5.148,0,0.313,0.228,0.0,0.15,0.32799999999999996,89.64200000000001
Kev,35srNkJVToAzYiZzron1FY,Young Forever,JAY-Z,The Blueprint 3,0.637,0.69,9,-3.214,0,0.0693,0.41700000000000004,0.0,0.21100000000000002,0.10300000000000001,140.329
Kev,35srNkJVToAzYiZzron1FY,Young Forever,JAY-Z,The Blueprint 3,0.637,0.69,9,-3.214,0,0.0693,0.41700000000000004,0.0,0.21100000000000002,0.10300000000000001,140.329
Kev,63BcfK6YAzJYeISaTPr6IO,Big Poppa - 2007 Remaster,The Notorious B.I.G.,Greatest Hits,0.765,0.6709999999999999,9,-5.249,0,0.278,0.344,0.0,0.0506,0.7979999999999999,84.5
Kev,7ycWLEP1GsNjVvcjawXz3z,Praise The Lord (Da Shine) (feat. Skepta),A$AP Rocky,TESTING,0.85,0.569,5,-8.152000000000001,0,0.136,0.0609,0.0816,0.1,0.294,80.02
Kev,0OgGn1ofaj55l2PcihQQGV,Drew Barrymore,Bryce Vine,Drew Barrymore,0.758,0.574,11,-6.888999999999999,0,0.0572,0.46,0.0027199999999999998,0.102,0.261,151.985
Kev,6UjZ2Yx2g2a52XxiA8ONxZ,Outnumbered,Dermot Kennedy,Outnumbered,0.614,0.684,0,-5.79,1,0.157,0.247,0.0,0.0976,0.258,156.85
Kev,4RVbK6cV0VqWdpCDcx3hiT,Reborn,KIDS SEE GHOSTS,KIDS SEE GHOSTS,0.585,0.597,0,-7.499,1,0.037000000000000005,0.33899999999999997,0.0404,0.195,0.22699999999999998,100.051
Kev,78QR3Wp35dqAhFEc2qAGjE,Drip Too Hard (Lil Baby & Gunna),Lil Baby,Drip Harder,0.897,0.662,1,-6.903,0,0.292,0.0852,0.0,0.534,0.389,112.51100000000001
Kev,028JxheELfIvvY4zBXuMjw,Heartless (feat. Mustard),Polo G,Heartless (feat. Mustard),0.7759999999999999,0.64,7,-8.058,1,0.183,0.15,0.0,0.0983,0.326,160.03799999999998
Kev,3to5UxKsozb4T6CfwHuhLJ,Kamikaze,Lil Mosey,Northsbest (Extended),0.792,0.5710000000000001,8,-7.539,0,0.094,0.301,0.0,0.1,0.556,99.999
Kev,696DnlkuDOXcMAnKlTgXXK,ROXANNE,Arizona Zervas,ROXANNE,0.621,0.601,6,-5.6160000000000005,0,0.14800000000000002,0.0522,0.0,0.46,0.457,116.735
Kev,4RVbK6cV0VqWdpCDcx3hiT,Reborn,KIDS SEE GHOSTS,KIDS SEE GHOSTS,0.585,0.597,0,-7.499,1,0.037000000000000005,0.33899999999999997,0.0404,0.195,0.22699999999999998,100.051
Kev,4RVbK6cV0VqWdpCDcx3hiT,Reborn,KIDS SEE GHOSTS,KIDS SEE GHOSTS,0.585,0.597,0,-7.499,1,0.037000000000000005,0.33899999999999997,0.0404,0.195,0.22699999999999998,100.051
Kev,4RVbK6cV0VqWdpCDcx3hiT,Reborn,KIDS SEE GHOSTS,KIDS SEE GHOSTS,0.585,0.597,0,-7.499,1,0.037000000000000005,0.33899999999999997,0.0404,0.195,0.22699999999999998,100.051
Kev,4RVbK6cV0VqWdpCDcx3hiT,Reborn,KIDS SEE GHOSTS,KIDS SEE GHOSTS,0.585,0.597,0,-7.499,1,0.037000000000000005,0.33899999999999997,0.0404,0.195,0.22699999999999998,100.051
Kev,6habFhsOp2NvshLv26DqMb,Despacito,Luis Fonsi,VIDA,0.655,0.797,2,-4.787,1,0.153,0.198,0.0,0.067,0.8390000000000001,177.928
Kev,028JxheELfIvvY4zBXuMjw,Heartless (feat. Mustard),Polo G,Heartless (feat. Mustard),0.7759999999999999,0.64,7,-8.058,1,0.183,0.15,0.0,0.0983,0.326,160.03799999999998
Kev,696DnlkuDOXcMAnKlTgXXK,ROXANNE,Arizona Zervas,ROXANNE,0.621,0.601,6,-5.6160000000000005,0,0.14800000000000002,0.0522,0.0,0.46,0.457,116.735
Kev,6habFhsOp2NvshLv26DqMb,Despacito,Luis Fonsi,VIDA,0.655,0.797,2,-4.787,1,0.153,0.198,0.0,0.067,0.8390000000000001,177.928
Kev,5iwz1NiezX7WWjnCgY5TH4,Calma - Remix,Pedro Capó,Calma (Remix),0.826,0.773,11,-4.218,0,0.0524,0.32299999999999995,0.0,0.14300000000000002,0.7609999999999999,126.899
Kev,028JxheELfIvvY4zBXuMjw,Heartless (feat. Mustard),Polo G,Heartless (feat. Mustard),0.7759999999999999,0.64,7,-8.058,1,0.183,0.15,0.0,0.0983,0.326,160.03799999999998
Kev,6habFhsOp2NvshLv26DqMb,Despacito,Luis Fonsi,VIDA,0.655,0.797,2,-4.787,1,0.153,0.198,0.0,0.067,0.8390000000000001,177.928
Kev,78QR3Wp35dqAhFEc2qAGjE,Drip Too Hard (Lil Baby & Gunna),Lil Baby,Drip Harder,0.897,0.662,1,-6.903,0,0.292,0.0852,0.0,0.534,0.389,112.51100000000001
Vlad,3bYLRndI3qoLQqgPalT8CY,Grapevine,Tiësto,Grapevine,0.7140000000000001,0.828,3,-4.663,1,0.0598,0.00514,0.154,0.32,0.20800000000000002,124.03399999999999
Vlad,089tprIgsyFSOrZpugamLI,Blame,Ekali,Blame,0.624,0.68,9,-7.285,0,0.0421,0.114,6.78e-05,0.0614,0.11699999999999999,91.99799999999999
Vlad,77BDJDKKWm11KXQh0Sv4Jf,Dare Me,NERVO,Dare Me,0.8170000000000001,0.7759999999999999,6,-4.976,1,0.303,0.0453,0.0,0.158,0.718,124.03
Vlad,4c6PicLrAOwfkA7yEMwmI5,Awaken - Edit,Cosmic Gate,Awaken,0.618,0.74,8,-7.159,0,0.0375,0.34299999999999997,0.00583,0.436,0.251,127.988
Vlad,5GhUo54Y3EyfthHdz3cTkq,Coming On Strong - Edit,Gabriel & Dresden,Coming On Strong,0.645,0.7879999999999999,1,-5.322,1,0.0348,0.0019399999999999999,0.0252,0.0657,0.249,128.023
Vlad,5ACwo10wriynSukEbWfclv,There Will Be Angels,Ben Gold,Sound Advice (Chapter One),0.511,0.9279999999999999,1,-5.787000000000001,1,0.0648,0.00556,0.0,0.0605,0.195,133.90200000000002
Vlad,69JVxHk5lLPAHdVulVTPi5,Let It Be Me,Steve Aoki,Let It Be Me,0.6609999999999999,0.758,7,-5.2989999999999995,1,0.0864,0.0797,0.0,0.106,0.387,114.098
Vlad,6m8SIT10j41SPpPFOknTmP,Good Things Fall Apart (with Jon Bellion) [Tiësto's Big Room Remix],ILLENIUM,Good Things Fall Apart (with Jon Bellion) [Tiësto's Big Room Remix],0.563,0.81,2,-2.9210000000000003,1,0.0522,0.005220000000000001,0.0,0.0846,0.495,129.975
Vlad,5PjJaR0zdOjFtYuCkmH2WX,I Am You,Ferry Corsten,I Am You,0.545,0.9740000000000001,11,-5.997999999999999,0,0.0359,0.000134,0.826,0.19,0.461,127.999
Vlad,7m7wUp1RfcwQHHLl8DGcUS,Sirin,Estiva,Metamorphoses,0.628,0.9640000000000001,8,-5.928999999999999,1,0.129,0.0756,0.861,0.442,0.0231,124.99600000000001
Vlad,4y78bEIRTzNe2RbGAnX8zU,My Life,ZHU,RINGOS DESERT,0.755,0.557,0,-7.985,0,0.0373,0.257,0.0524,0.10300000000000001,0.21,109.98299999999999
Vlad,6iC7vapdKp0XlKhxOkp8QJ,BOOM,Tiësto,BOOM,0.8859999999999999,0.84,2,-3.386,1,0.0502,0.0164,0.006220000000000001,0.32899999999999996,0.203,123.035
Vlad,0goj2jVaUvxQP2zsyt7Xol,Don't Call Me Up - R3HAB Remix,Mabel,Don't Call Me Up (Remixes),0.752,0.812,6,-4.41,0,0.183,0.287,2.45e-05,0.0897,0.58,108.05
Vlad,1OSCfGPskfxarroklhA9LU,Nothing But You (feat. Hemstock & Jennings),Paul van Dyk,Reflections,0.5329999999999999,0.932,8,-6.845,1,0.0368,0.000204,0.883,0.251,0.0554,139.371
Vlad,0ozjY1Su7jqd7AGVywwpfw,Astro (ASOT 935),Jean Clemence,ASOT 935 - A State Of Trance Episode 935,0.498,0.9620000000000001,1,-9.539,1,0.10400000000000001,5.94e-05,0.883,0.205,0.0675,138.03
Vlad,1pltbjQmEo91Sosisz69LN,Love You More - Andrew Bayer & Genix In My Next Life Mix,Andrew Bayer,In My Next Life,0.599,0.893,10,-6.6610000000000005,1,0.0578,0.004529999999999999,0.524,0.26,0.24600000000000002,127.008
Vlad,1bB9MnstJVnAqQSZxh1voj,Need To Feel Loved (Mixed),Cosmic Gate,A State Of Trance Year Mix 2019 (Mixed by Armin van Buuren),0.478,0.9079999999999999,7,-9.038,1,0.0662,3.4399999999999996e-05,0.00945,0.336,0.831,130.023
Vlad,3cH2reyyuhl69KIHuuUKhv,Are You Lonely,Steve Aoki,Are You Lonely,0.517,0.7929999999999999,6,-5.851,0,0.0367,0.0214,0.00045999999999999996,0.0892,0.17600000000000002,90.06
Vlad,1zClfAHEZOLRI7PWg0JZMk,You - Myon & Elevven Remix,Gabriel & Dresden,You (Myon & Elevven Remix),0.6629999999999999,0.782,7,-5.619,1,0.0499,0.00292,0.32299999999999995,0.941,0.0906,128.005
Vlad,3qPXWPkEZgUhUgPifbE99z,WOW,Tiësto,WOW,0.6,0.99,6,-3.016,1,0.337,0.00116,0.52,0.124,0.192,127.954
Vlad,2GQEM9JuHu30sGFvRYeCxz,Faded,ZHU,THE NIGHTDAY,0.867,0.47700000000000004,9,-7.183,0,0.049,0.00843,0.175,0.113,0.614,124.979
Vlad,5ZIrNbf3T3Qy6lCU2qRDZu,Let Go (feat. Rea Garvey) - single edit,Paul van Dyk,Let Go,0.583,0.8190000000000001,0,-5.7410000000000005,1,0.0287,0.0082,0.0433,0.0863,0.929,135.02200000000002
Vlad,36UjTTrSwaAqLkAlf2Ooc4,Soldier Like Me,2Pac,Loyal To The Game,0.748,0.614,11,-6.004,0,0.40700000000000003,0.0672,7.809999999999999e-05,0.106,0.57,172.03
Vlad,5MYFw4T2gy52pOGBN4EYHS,Stay Fly - Explicit Album Version,Three 6 Mafia,Most Known Unknown (Explicit),0.789,0.8809999999999999,11,-5.757999999999999,1,0.0331,0.10800000000000001,0.0,0.355,0.647,133.30100000000002
Vlad,503OTo2dSqe7qk76rgsbep,Still D.R.E.,Dr. Dre,2001,0.816,0.775,11,-3.323,1,0.23399999999999999,0.16,0.00031,0.0543,0.527,93.431
Vlad,6vBMMa2erexusV4XrgXea9,Lil' Homies,2Pac,Until The End Of Time,0.897,0.815,10,-4.227,0,0.212,0.159,0.0,0.0637,0.804,97.6
Vlad,2xTft6GEZeTyWNpdX94rkf,All Eyez On Me,2Pac,All Eyez On Me,0.873,0.7190000000000001,1,-5.9479999999999995,1,0.248,0.03,0.0,0.33299999999999996,0.858,93.281
Vlad,0Ed7MeXx64f6OcIuoTRCg1,Xxplosive,Dr. Dre,2001,0.765,0.88,1,-4.361000000000001,1,0.11599999999999999,0.17600000000000002,1e-05,0.139,0.929,168.96
Vlad,5ByAIlEEnxYdvpnezg7HTX,Juicy - 2005 Remaster,The Notorious B.I.G.,Ready to Die (The Remaster),0.889,0.816,9,-4.67,1,0.247,0.47200000000000003,0.0,0.204,0.777,96.056
Vlad,6rB9te7FuWMxFYKEWccFAQ,"Options (feat. PnB Rock, Gucci Mane & 2 Chainz)",Fabolous,Summertime Shootout 3: Coldest Summer Ever,0.674,0.563,1,-7.404,0,0.218,0.203,0.0,0.239,0.679,161.986
Vlad,0KbIwqCAHmXWu7hrszXY6j,Party We Will Throw Now!,Warren G,Party We Will Throw Now! - Single,0.934,0.562,4,-4.609,0,0.24,0.0476,1.31e-06,0.0608,0.7120000000000001,96.792
Vlad,0lOe1dR2TNkJMCjIcRuw6T,Westside Story,The Game,The Documentary,0.8759999999999999,0.647,11,-3.917,1,0.28,0.16,0.0,0.23800000000000002,0.961,86.993
Vlad,2nH5V9DKUQQvZQk1vgAGPT,Stay Down,The Game,Born 2 Rap,0.594,0.38299999999999995,0,-7.045,0,0.223,0.22,1.73e-05,0.0891,0.46299999999999997,176.197
Vlad,5880eYQmXx3c3oD22IljIt,Why We Thugs,Ice Cube,"Laugh Now, Cry Later",0.6829999999999999,0.59,1,-5.422999999999999,1,0.45799999999999996,0.326,0.0,0.14800000000000002,0.653,100.89200000000001
Vlad,0RmaKedniCyNZX0405E2KY,Home Sweet Home,Mötley Crüe,The Greatest Hits,0.401,0.737,5,-7.684,1,0.0342,0.0844,2.63e-06,0.17300000000000001,0.152,76.727
Vlad,2P884dqfjksDMSzUZksfrS,Hells Bells,AC/DC,Who Made Who,0.38299999999999995,0.887,4,-4.734,0,0.0468,0.00562,0.007790000000000001,0.141,0.282,106.811
Vlad,0G21yYKMZoHa30cYVi1iA8,Welcome To The Jungle,Guns N' Roses,Appetite For Destruction,0.45299999999999996,0.987,8,-4.485,1,0.0889,0.0195,0.28300000000000003,0.268,0.316,123.544
Vlad,4lPJoKw24HizeIcDLqaWeE,Trampled Under Foot - 2012 Remaster,Led Zeppelin,Physical Graffiti (Deluxe Edition),0.561,0.8420000000000001,2,-7.518,0,0.0566,0.239,0.41200000000000003,0.0768,0.843,111.209
Vlad,15pUq5xfLfD7NvTGt6NKGM,Grand Designs,Rush,Clockwork Angels Tour,0.26899999999999996,0.9790000000000001,2,-3.9739999999999998,1,0.0781,0.00225,0.0015,0.9790000000000001,0.29,141.05200000000002
Vlad,6Th6ND8RQPywiyelecP5Lf,What Do You Do for Money Honey,AC/DC,Back In Black,0.532,0.858,9,-5.023,1,0.0599,0.00533,2.13e-06,0.7509999999999999,0.495,125.698
Vlad,1HlGblweLq0eAwnb0NY1EQ,18 and Life,Skid Row,Best Of,0.457,0.794,1,-6.624,0,0.0298,0.000384,7.26e-05,0.131,0.354,90.439
Vlad,6eN1f9KNmiWEhpE2RhQqB5,Paradise City,Guns N' Roses,Appetite For Destruction,0.268,0.98,11,-5.957999999999999,1,0.10300000000000001,0.0192,0.007090000000000001,0.182,0.395,100.315
Vlad,0nRSoJxUMDqgwtHgUjOFnV,Slowly Burning 2019,Cristoph,Slowly Burning 2019,0.636,0.905,4,-5.149,0,0.0453,0.091,0.42200000000000004,0.105,0.35700000000000004,124.97399999999999
Vlad,2ZNAmdQfr8yDjoHJOUxFte,Nova,Yotto,Nova,0.622,0.8759999999999999,3,-8.071,1,0.0409,0.00014099999999999998,0.902,0.19,0.049,123.956
Vlad,09c49mXu0SOt4qLc9QNlme,Mysteryland,Calvin Logue,Mysteryland,0.545,0.983,2,-3.6460000000000004,1,0.0498,0.142,0.9229999999999999,0.0988,0.552,125.999
Vlad,523XDGMjH8Gbzc8V6ek5cl,Never Let You Go,SNBRN,Solé,0.752,0.662,5,-6.766,1,0.0361,0.0188,0.0935,0.212,0.371,123.99600000000001
Vlad,089tprIgsyFSOrZpugamLI,Blame,Ekali,Blame,0.624,0.68,9,-7.285,0,0.0421,0.114,6.78e-05,0.0614,0.11699999999999999,91.99799999999999
Vlad,3BOcWxFUURAomDXRSDFve4,Something Real,Armin van Buuren,Balance,0.575,0.8079999999999999,1,-4.578,1,0.0439,0.0446,0.0,0.0693,0.23199999999999998,127.92200000000001
Vlad,3BOcWxFUURAomDXRSDFve4,Something Real,Armin van Buuren,Balance,0.575,0.8079999999999999,1,-4.578,1,0.0439,0.0446,0.0,0.0693,0.23199999999999998,127.92200000000001
Vlad,3BOcWxFUURAomDXRSDFve4,Something Real,Armin van Buuren,Balance,0.575,0.8079999999999999,1,-4.578,1,0.0439,0.0446,0.0,0.0693,0.23199999999999998,127.92200000000001
Stephen,0YWUf0FuvbOvAlrOAVaH8S,Keep It Comin' Love,KC & The Sunshine Band,KC & The Sunshine Band - Part 3...And More,0.773,0.721,3,-12.574000000000002,1,0.0294,0.23199999999999998,1.6100000000000002e-05,0.0349,0.971,110.383
Stephen,34NC4w6FjY53pkMf130Kmf,Phoebe Cates,Fenix TX,Lechuza,0.248,0.985,7,-3.278,1,0.27,7.55e-05,3.09e-06,0.589,0.272,190.635
Stephen,6W0DcuZ8FqJjuX8CQwdyVS,Always Love,Nada Surf,The Weight Is a Gift,0.322,0.7609999999999999,2,-4.9910000000000005,1,0.032,0.00298,0.0,0.259,0.36,126.906
Stephen,3VZQshi4COChhXaz7cLP02,I Love It (feat. Charli XCX) - Original Version,Icona Pop,I Love It,0.7140000000000001,0.905,8,-2.6630000000000003,1,0.0289,0.00855,2.55e-05,0.146,0.838,125.927
Stephen,3hDBYE7YnUBO8Stzc4jOpr,Veronica Sawyer,Edna's Goldfish,The Elements of Transition,0.522,0.919,3,-4.8389999999999995,1,0.0883,0.0426,0.0,0.128,0.825,175.644
Stephen,4kRMsLX7bJqjIfK44qJ9h6,Hold Me,Fleetwood Mac,Greatest Hits,0.7090000000000001,0.5710000000000001,10,-13.25,1,0.039,0.247,0.013999999999999999,0.114,0.779,124.73899999999999
Stephen,0hBoe0lGBmDbGpCr1LXbSx,"Symphony No. 9 in E Minor, Op. 95, B. 178, ""From the New World"": IV. Allegro con fuoco",Antonín Dvořák,"Dvořák: Symphonie Nr. 9, 'Aus der Neuen Welt"" - Heldenlied, Op. 111",0.228,0.135,4,-17.095,0,0.0351,0.9109999999999999,0.915,0.149,0.10400000000000001,141.745
Stephen,6sIMKlDiqj0WycflgaRJiH,Mr Smiley,Mustard Plug,Masterpieces: 1991-2002,0.629,0.9490000000000001,2,-4.595,1,0.0467,0.0007639999999999999,0.001,0.0803,0.8170000000000001,91.447
Stephen,3iNXeaJNyljfM1t7z3diyL,She's Famous Now - Live,Reel Big Fish,Our Live Album Is Better Than Your Live Album,0.56,0.914,2,-5.794,1,0.054000000000000006,0.0152,1.6e-06,0.882,0.7490000000000001,97.632
Stephen,5TA8EtUpB31TUc60Jk7pIn,"Someone Saved My Life Tonight - Live From ""Midsummer Music"" At Wembley Stadium / 1975",Elton John,Captain Fantastic And The Brown Dirt Cowboy (Deluxe Edition),0.43799999999999994,0.588,8,-7.796,1,0.0293,0.22399999999999998,0.000471,0.447,0.22,138.475
Stephen,72ahyckBJfTigJCFCviVN7,Don't Bring Me Down,Electric Light Orchestra,Discovery,0.638,0.867,2,-6.468999999999999,1,0.0331,0.14400000000000002,0.000733,0.0846,0.805,115.69200000000001
Stephen,0NN32Knbyo4gM1DKY9rdzg,Do Ya,Electric Light Orchestra,A New World Record,0.494,0.5710000000000001,2,-5.862,1,0.0332,0.0394,0.000518,0.602,0.7120000000000001,124.045
Stephen,0mBkoM8r7KAQzZij5swTUL,Walking On A Dream,Empire of the Sun,Walking On A Dream,0.87,0.6990000000000001,5,-5.541,0,0.0459,0.245,6.76e-06,0.0588,0.726,126.96700000000001
Stephen,7nYvUtkQMx1v80S2FH2s9J,Regulate,Warren G,Regulate… G Funk Era,0.8490000000000001,0.521,11,-12.999,0,0.21600000000000003,0.306,1.65e-06,0.115,0.763,95.262
Stephen,1a6Jt6USVGKzbjYpcKMwPB,The Seed (2.0),The Roots,Phrenology,0.758,0.9570000000000001,7,-2.282,1,0.0357,0.039,0.0,0.133,0.966,111.119
Stephen,4CCRGZiVKshOiQhDtoZOGc,"Piano Concerto No.22 in E flat, K.482: 3. Allegro - Andante cantabile - Tempo I",Wolfgang Amadeus Mozart,"Mozart: The Piano Concertos (12 CDs, Vol.7 of 45)",0.261,0.131,3,-22.947,1,0.0439,0.9890000000000001,0.934,0.135,0.149,80.14699999999999
Stephen,3KHNMiH125wqD2I47oxmvp,"Piano Concerto No. 1 in C Minor, Op. 35: II. Lento",Dmitri Shostakovich,The Very Best of Shostakovich,0.142,0.0194,0,-26.576999999999998,1,0.0509,0.925,0.642,0.0807,0.0355,67.598
Stephen,7qKua2wPHEY51Zc7p9mGKt,Up All Night,Suburban Legends,Rump Shaker,0.54,0.966,5,-4.71,1,0.09,0.0758,0.0,0.5770000000000001,0.597,143.864
Stephen,7nemcVsXVFZF01iqpIIo2Y,It's a Long Way to the Top (If You Wanna Rock 'N' Roll),AC/DC,High Voltage,0.456,0.863,3,-3.551,1,0.0894,0.133,0.0545,0.0553,0.532,135.966
Stephen,0mBkoM8r7KAQzZij5swTUL,Walking On A Dream,Empire of the Sun,Walking On A Dream,0.87,0.6990000000000001,5,-5.541,0,0.0459,0.245,6.76e-06,0.0588,0.726,126.96700000000001
Stephen,0Jw3cPBXlGnA6DEJrZSTI0,Soul Bossa Nova,Quincy Jones,Big Band Bossa Nova,0.551,0.722,5,-9.247,0,0.0529,0.5710000000000001,0.000306,0.629,0.821,153.181
Stephen,7HXtpmFjqt4Wv6T8y5lVz3,Whatsername,Green Day,American Idiot (Deluxe),0.813,0.547,2,-5.936,1,0.0344,0.0010400000000000001,0.00335,0.0914,0.8,119.99799999999999
Stephen,1W0VswPFsN0wmfi1SLLW9q,Champagne Supernova,Royal Philharmonic Orchestra,Classic Rock (75 Orchestral Rock Anthems),0.31,0.376,2,-11.552999999999999,1,0.0313,0.28600000000000003,0.485,0.19899999999999998,0.0718,85.863
Stephen,0ccE7u6mHbB1LaSc1ZIQWm,It's A Shame About Ray - Remastered,The Lemonheads,It's A Shame About Ray (Expanded Edition),0.645,0.792,9,-8.671,1,0.0304,0.00164,0.000126,0.0799,0.705,131.388
Stephen,7aqpvd6E85MGmHSNQ0SCRZ,Don't Let Me Wait Too Long,George Harrison,Living In The Material World (Remastered),0.611,0.71,0,-10.752,1,0.0305,0.0539,4.15e-05,0.0914,0.9209999999999999,126.839
Stephen,3eMYc6FK9XvyauIaxcJtRS,Drown,The Smashing Pumpkins,(Rotten Apples) The Smashing Pumpkins Greatest Hits,0.43200000000000005,0.41700000000000004,2,-9.756,1,0.0357,0.00877,0.9229999999999999,0.107,0.187,144.02100000000002
Stephen,4YFcGTdgmEuw8xTO4XrxbB,Zero - Remastered 2012,The Smashing Pumpkins,Mellon Collie And The Infinite Sadness (Deluxe Edition),0.43799999999999994,0.73,8,-7.105,1,0.0461,3.39e-05,0.5529999999999999,0.0509,0.705,128.04
Stephen,6UEfyhyfhYQsyipxOd95Ie,The Ketchup Song (Aserejé) - Spanglish Version,Las Ketchup,Hijas del Tomate,0.607,0.9229999999999999,1,-6.777,1,0.0948,0.0193,1.1e-06,0.0924,0.868,184.81900000000002
Stephen,6UEfyhyfhYQsyipxOd95Ie,The Ketchup Song (Aserejé) - Spanglish Version,Las Ketchup,Hijas del Tomate,0.607,0.9229999999999999,1,-6.777,1,0.0948,0.0193,1.1e-06,0.0924,0.868,184.81900000000002
Stephen,2VhJ5foC2BgBSlmgj0OZyi,"Champagne Supernova [Live At Wembley Stadium, 2000]",Oasis,Familiar To Millions (Live),0.135,0.888,2,-4.633,1,0.0494,0.0034100000000000003,0.00759,0.978,0.125,81.98200000000001
Stephen,5uuJruktM9fMdN9Va0DUMl,Play That Funky Music,Wild Cherry,Wild Cherry,0.8140000000000001,0.672,9,-12.068,1,0.0619,0.0435,0.0,0.061,0.9329999999999999,109.39399999999999
Stephen,0YWUf0FuvbOvAlrOAVaH8S,Keep It Comin' Love,KC & The Sunshine Band,KC & The Sunshine Band - Part 3...And More,0.773,0.721,3,-12.574000000000002,1,0.0294,0.23199999999999998,1.6100000000000002e-05,0.0349,0.971,110.383
Stephen,5UWwZ5lm5PKu6eKsHAGxOk,Everlong,Foo Fighters,The Colour And The Shape,0.41200000000000003,0.882,11,-5.54,0,0.0369,5.96e-05,0.00031,0.0805,0.35600000000000004,158.066
Stephen,1oQt6B3nVxU3hqovbfJlEY,"You May Be Right - Live at Madison Square Garden, New York, NY - 2006",Billy Joel,12 Gardens Live,0.311,0.958,9,-5.71,1,0.102,0.273,0.0,0.9840000000000001,0.517,153.213
Stephen,7qKua2wPHEY51Zc7p9mGKt,Up All Night,Suburban Legends,Rump Shaker,0.54,0.966,5,-4.71,1,0.09,0.0758,0.0,0.5770000000000001,0.597,143.864
Stephen,2aYzMMmzEusa5DTfXfPxPm,Bright Spring Morning,Suburban Legends,Rump Shaker,0.578,0.9690000000000001,11,-3.903,1,0.0731,0.0975,0.0,0.441,0.579,99.85600000000001
Stephen,0tsgo8ibRNgUXBGEt3AVoS,Abba Zabba,Fenix TX,Lechuza,0.418,0.9840000000000001,2,-3.792,1,0.0751,0.00045599999999999997,0.0,0.384,0.268,95.206
Stephen,4Z4xFENnvMnRDPpAx5wpaO,Come on Eileen,Save Ferris,It Means Everything,0.375,0.894,2,-6.3660000000000005,1,0.0974,0.0545,0.0,0.593,0.324,115.366
Stephen,21E3m3rXhgWjQTo32scmfy,Life in Technicolor,Coldplay,Viva La Vida (Prospekt's March Edition),0.289,0.662,9,-10.482000000000001,1,0.0347,0.0102,0.9440000000000001,0.498,0.254,131.053
Stephen,3aDUSpF3LexOr1lFKvPV2h,The Bends,Radiohead,The Bends,0.28800000000000003,0.757,0,-8.065,1,0.0652,0.0117,0.14,0.363,0.311,89.694
Stephen,3yDhZq8f17SmumVmEyCaRN,Give It Up,KC & The Sunshine Band,All In a Night's Work (Expanded Version),0.862,0.624,3,-11.63,1,0.0565,0.0192,0.000153,0.0465,0.882,124.896
Stephen,2OSFREMR9mE2kiByPL3g71,Statues,Foo Fighters,"Echoes, Silence, Patience & Grace",0.602,0.485,7,-7.305,1,0.0235,0.11199999999999999,0.00462,0.138,0.35,94.04700000000001
Stephen,7aqpvd6E85MGmHSNQ0SCRZ,Don't Let Me Wait Too Long,George Harrison,Living In The Material World (Remastered),0.611,0.71,0,-10.752,1,0.0305,0.0539,4.15e-05,0.0914,0.9209999999999999,126.839
Stephen,5Q6Xzp25aXYxNJ4B6vBkcf,Luna - Remastered,The Smashing Pumpkins,Siamese Dream (Deluxe Edition),0.574,0.27399999999999997,9,-13.552999999999999,1,0.0286,0.0111,0.7859999999999999,0.12300000000000001,0.111,125.652
Stephen,1aEiCQoYAqUSlCQSJGS8oC,My Blue Heaven,The Smashing Pumpkins,Aeroplane Flies High (Deluxe Edition),0.348,0.161,3,-16.221,1,0.0332,0.965,0.47100000000000003,0.147,0.324,139.558
Stephen,1N7ywhtxzqXJQXARVQ0wUr,Jupiter's Lament,The Smashing Pumpkins,Aeroplane Flies High (Deluxe Edition),0.355,0.29600000000000004,11,-11.967,1,0.0324,0.606,0.47700000000000004,0.251,0.318,167.56599999999997
Stephen,79eKD1HxgLkqerccORhNIK,Set The Ray To Jerry,The Smashing Pumpkins,Aeroplane Flies High (Deluxe Edition),0.508,0.648,8,-9.347000000000001,1,0.0362,0.0034,0.76,0.10800000000000001,0.11,95.8
Stephen,66WcP7m4aqvw0n7I7L5a87,Architecture,Manor,Architecture,0.605,0.754,5,-6.428,0,0.0262,0.0247,0.213,0.121,0.72,104.98100000000001
Stephen,1M6aT0VOjcXPkFmjm2yBZd,The Blonde Lead the Blind,Streetlight Manifesto,Somewhere in the Between,0.573,0.873,7,-3.383,1,0.0813,0.0117,0.0009369999999999999,0.10300000000000001,0.428,137.96
Stephen,7yoHD1pvn5vssAAMImpuTy,Curtains,Elton John,Captain Fantastic And The Brown Dirt Cowboy,0.36700000000000005,0.461,10,-11.715,1,0.0279,0.0863,0.00759,0.10099999999999999,0.452,133.877
